Category,Positive Indicator,Strategic Impact
Category,Positive Indicator,Strategic Impact
Financial Performance,New iPhone 17 range launched with pre-orders and strong sales anticipated,Increased revenue and market share; strengthens Apple's financial position.
Innovation,Improved battery life and faster charging (50% in 20 minutes),"Enhanced user experience, increased customer satisfaction, competitive advantage."
Innovation,Thinner and lighter iPhone Air model with all-day battery life,Appeals to a wider customer base seeking sleek design and portability; expands market reach.
Innovation,"Significant camera upgrades (48MP Fusion Main camera, 4x and 8x zoom Telephoto lens, Dual Capture)",Improved image and video quality; attracts content creators and photography enthusiasts; competitive advantage.
Innovation,New AirPods Pro 3 with improved location tracking via Ultra Wideband technology,Enhanced user experience and reduced frustration associated with lost AirPods; increased customer loyalty.
Innovation,iOS 26 update with new ringtones and features (call screening),"Improved user experience, increased customer engagement, enhanced software ecosystem."
Innovation,New 2025 model 25W Qi2 MagSafe Charger with price drop,Increased affordability and accessibility of wireless charging technology; strengthens accessory sales.
Market Position,"Positive customer response to new iPhone features (battery life, camera, design)",Reinforces Apple's market leadership and brand loyalty.
Market Position,Targeting content creators with enhanced camera features,Expands market reach to a specific and lucrative segment.
Operational Excellence,Efficient manufacturing and supply chain management (timely product launch),Ensures product availability and meets customer demand.
ESG,Reduced pricing on MagSafe Charger,Potential positive impact on affordability and accessibility of technology.
